Link,Name,Primary_Detail,Contract,Skills
https://www.linkedin.com/jobs/view/3909770992/?alternateChannel=search&refId=NotAvailable&trackingId=AAP22Ln6QNur%2Ft4VPXJ1CA%3D%3D&trk=d_flagship3_search_srp_jobs,"Set alert for similar jobs
          


                User Interface Designer, India
              



 




    Set alert",,,"Creative Ideation, Design Thinking, Figma (Software), Grid Systems, Interaction Design, Problem Solving, Prototyping, User Interface Design, Visual Design, Wireframing ,"
https://www.linkedin.com/jobs/view/3656594736/?eBP=CwEAAAGPrKx9TCuyGI33SZuaKIR92DXyyHWeVxCuxl_5aLW_EVPAcve4TzKC-mrM6kjxxfzlwK1ERttrZS_4S_iEO4ySRESITMFh8RoxfHJwD2VR-Zf2sGF2N_i1rvp1dkjNCbG3zgNpUNemzfbHqptfBJHF6ZgG12gU17rbuCDKYsPspc5g9PcFCUpHiALUgFwJHPUWsrXuuriV2nJ12C0hYI_NL8QovaMV9Kzf3XAZUoA8zLBRmkZPxj_UTaLg5J2kyDf1bUZ7gQAodooYqmuoYrzyh5u5GwnQ0NV1E1vPqGYAvfQ2Xc5-0J7I50Ned5S7pw9dSjlHZ9Qaz9XPMhwyL375sIQ8mp0MUmcqkI3bUM5x-e00gBd6O2a1kcWebFXThipFpacpUfu4k2-7s8G-ugGYY241DOsAFGAeJiAvg8ZvINrekOaGiqVOXfc85s2k0pajj0O9y6Iuyb6Q8O6w&refId=TtoPTqmCuuzP407fAdou4A%3D%3D&trackingId=k0hl1yBAfo2h1PhJbndHZw%3D%3D&trk=flagship3_search_srp_jobs,"Set alert for similar jobs
          


                User Interface Designer, Gurugram, Haryana, India
              



 




    Set alert",,,"Adobe XD, Attention to Detail, Front-End Development, Mockups, User Experience (UX), User Interface Design, User Research, User Stories, Visual Design, Wireframing ,"
https://www.linkedin.com/jobs/view/3926670556/?eBP=CwEAAAGPrKx9TEw8Ynd8Ck6sdi8nHQ1AFH9hrW9xF9wlpxIEcG6GI6x4iQieNgCDRY3333u1n8RTYe_QJ03kdp8rKAtcJxaquKDWF3PpkZgC0kchoyVBQt4-qTC9dBmTzWo6kU96OHrnjjsZ3LsYlzbjs7fzguFl25sCk2-OCNlCbgmPSZr548rBP7qda7tIilYHMe2s-sPCPnf7rsRcEFXhUFr7vx9Gll9GHpAeKs5B--SX24tRla6IC-rQOXFsB44arKsRIFQfUfPefjZGv6OQtgBRedcxo7bLthFy14SmWp8A1YQQZ3qQZc04OzbVEWONexiYXVtmToJRBzX_VtOAn_1tHQi98XUX3Ok6YYyvl4Y-Xooy98BsU6c1kVUr3VDvl0zZsgPw7j06VXMLFaEXfZ0NPH_bT7Z4jIRoqTfd8fP8FyVXpCp30UnJTB8DLg&refId=TtoPTqmCuuzP407fAdou4A%3D%3D&trackingId=ehJFCn5yNlXnGuxYMAbILQ%3D%3D&trk=flagship3_search_srp_jobs,"Set alert for similar jobs
          


                User Experience Designer, Gurugram, Haryana, India
              



 




    Set alert",,,"Adobe InDesign, E-Commerce, Graphic Design, User Experience (UX), User Interface Design, Visual Design ,"
https://www.linkedin.com/jobs/view/3917305242/?eBP=CwEAAAGPrKx9TLzo4ymOsGxgDcFS2WEtHob5jX85WlnvzhWQZGp24uX6sMMtgGDUJO4J5wk1sF4GYY_F0whU1P7NsYRe4ODFA7xM-1sUTuwb7NJ5SOu7NjIVDggES8Yf9Ewrtq_Vn-0VEyV9gJqDmKslF6rAGBghJgp9lWnW2xbwMDREkEPNazsNfYCOqbQ703vcXq7kLjvseS1mfulb2gNJSxGMRR0tN8yP-dmQYaxNUlx_ugXJjEilkG94FttvQpFl7s8hhZySOhFLxN4t0_osBdJzQeEKRLseVj8RsZUPMJ6gsG6xRej6bJ5z3uNCrk5RfxlB1rkHw3U1FVOpRybG5gigsxhOT9xhKKh7l7mVw8VplQu1BpdO0JHihLFFCeyRVmyNfb0i6B3KowAxIv_zuDNRwpgsmWkb_7TR5lSF-uYpda3TPKcRZdoBR2FWY7yZxY_T6lD17MBsang&refId=TtoPTqmCuuzP407fAdou4A%3D%3D&trackingId=fNDTdZF%2Fi8HPxih3%2FhaBYQ%3D%3D&trk=flagship3_search_srp_jobs,"Set alert for similar jobs
          


                Interface Specialist, Gautam Buddha Nagar, Uttar Pradesh, India
              



 




    Set alert",,,"Analytical Skills, Computer Science, English, Problem Solving, Spoken English, User Experience (UX), User Interface Design, User Requirements, Wireframing, Working Experience ,"
https://www.linkedin.com/jobs/view/3893621525/?eBP=CwEAAAGPrKx9TMairTz-bbbq-vBoHoeQoYBD3D8U8Bo7kRM-WCX3Tq2m0Yx3Fgr0X_CkQCq-kxCaRnWfN1xcXgw0qrLSDmLmfegr7JgXncrsRTneiOYvJaUth9V8Wg4Yw-s7_80wOcaMTAgTWMjFhELUI1_L244T3XX-zSVomH4JTancKIMfYCqC3G9GgMYoolnm0NuUzym9LA_J9AwjqDmUQbYP3PgGhtsdUZR8cT2FHv7PKBO4pdFDfyuZ5NYdb5qmYz2pM94DDrLx3xUvWoT0Mp7Tcb_sv3GH9J-EWSAx9_tkHJgl04dc2C-FGJ65AHS4KiLlq_XVnTCiu0MljHYp9RUCcqUex7AhNgKzsJAJQzLKpG5giYM95CUjrOj7I70yUpNCvbLLyzqblkjpS2HCMP_Drp3zIeneaabc5rzJgeG2P8tJwR8We4PMAo6N3bf8N1GAUcShfS5I3B84nGbyQ7dw5g&refId=TtoPTqmCuuzP407fAdou4A%3D%3D&trackingId=CVrx0LDVtYB4l2bOTYHDKg%3D%3D&trk=flagship3_search_srp_jobs,"Set alert for similar jobs
          


                User Interface Designer, Gurgaon, Haryana, India
              



 




    Set alert",,,"Flow Diagrams, Site Maps, Storyboarding, Typography, UX Research, User Experience (UX), User Experience Design (UED), User Interface Design, Visual Design, Wireframing ,"
https://www.linkedin.com/jobs/view/3915843693/?eBP=CwEAAAGPrKx9TG_yLnrzeOhM5KsKal8XVbMIkIulylIMHL9J2uGGMkcveylbt0hSWhIOtzaChG01haUaIOkNKwzJ-bRc0w_yJVdw9q9yUHBbuqmxsmjwpIGr7KJ1vtgXRaupCkMKItlVtVPO8n-Kk6lLRxZaw2RPfyyVNzv84W5hDTqmc8-rMxS6CEdvIHbG-c8EWYWIavrXbOmFPkyq3cwAMBamFH0dUzRFfusCQE21J4CYNjQrLGrlocpNP_E1n1Ts156ZEbgMOVCUl3JxLIg4so0sVrshtubf8DA6bL_crSVpwmI2-BEAeHE_j-3zlSOxFXk6KaZHonS3Oc94MQrjs6Ztxdf-4a7VWhuQy0fWRn0bKcO0sH0sBUjQjHJ7HoFsIAjORa3F5fLZ2DSjjKw0uC-5Y97WUBNeGd675Dtv4kNikMoWuzHlkjJ3ied03dKmmxYrRNYKI7UAYXHBYGFF&refId=TtoPTqmCuuzP407fAdou4A%3D%3D&trackingId=AHPt97R32h%2FD6UjujyDC9A%3D%3D&trk=flagship3_search_srp_jobs,"Set alert for similar jobs
          


                User Experience Designer, Delhi, India
              



 




    Set alert",,,"Interaction Design, Mobile Applications, Style Guides, Technical Discussions, Usability Testing, User Experience (UX), User Experience Design (UED), User Flows, User Interface Design, Web Design ,"
https://www.linkedin.com/jobs/view/3761413430/?eBP=CwEAAAGPrKx9TL4juQyhI8IUwZqyo0hQf_EYNsp72bzuSP-By_tR9goUsEXPP-AuLVcLlqqDVvcuHJKDyAJMBL6IH3LYnzytSVDf023w1n84zWWM0wZ8yywgSlTBgvRJzmT19ZQZglyYxoLinRLAy5oYhPZ_u95WqQaOXnElt0x29BSjmrFCYarv_X1BbKSGYT3E4xRG-ohbGIOKWQ9Arhu2vxJzRPTDsNqJoUl0e-_UkjwLA53wgN4w2P2bW1IXPfAHwB7AYWB2_E_f-ksbYkNEWWu0n3B7d0YLdteg0mOI2s9K1wyY0qbPGfDizxl1A8qShXnHHKFekISrZHILPvPJOpkhIjkVqCh1rmgLv2lSnKRmB2pS1IoJbr0yYTmTtBpZYkjxCnmEsNWp6vajFIF6xAvU_tGUClkK0jH-laU&refId=TtoPTqmCuuzP407fAdou4A%3D%3D&trackingId=1wH%2F3FrbDQQ0DaN1YKs56w%3D%3D&trk=flagship3_search_srp_jobs,"Set alert for similar jobs
          


                Senior Product Designer, Gurgaon, Haryana, India
              



 




    Set alert",,,"Information Architecture, Interaction Design, Mobile Design, Product Testing, Usability, User Experience (UX), User Flows, User Interface Design, Visual Design, Wireframing ,"
https://www.linkedin.com/jobs/view/3752497281/?eBP=CwEAAAGPrKx9TAZgzjDGPhOOm4_b2hQ-6t6taJj5XS8Y1SgkBUck6j7vvJgezwwzdnRAYW9yhgYQZSaBnMqApw-F0RSJPnVhxOsF-JsNYZo3W1YCtE7aJuWl9dGaHrjxY5IUGkEZwkW5jB1L0_Eq2hhufVZ8vGPRRLUTGtNvEK71tGkIHeEhWSeoOYNbuMnGaP4KmYazmaH8YUVSFfzhX5IM0JAlR1rI7R1ZRYtleAZRSY52iFIwQ0ct3zW_zzzZUu8PugPgjYOsbd0gWM5WEQDvG327uJ1n31pxmsy0LXICARu7gwhviIoXYYxd7RDjc3AvPqmGaKreQ8Jy14t6c2TPeh1lvyWAplPYQx27wjzCfMzUyqhJTNEiCP3i_2DmP6iXtHp5yEfKSpjztEvdo3uqmCdOrbmULP3DtDbOlTABXT6zct4bN0F9M4EP6_pJpb6Xw5mKoG8SWiKFJxtPZtZ5e629R9Gk_nU&refId=TtoPTqmCuuzP407fAdou4A%3D%3D&trackingId=XtvUT8F6LF%2BbG%2BwMg3KqDA%3D%3D&trk=flagship3_search_srp_jobs,"Set alert for similar jobs
          


                User Interface Designer, Gurugram, Haryana, India
              



 




    Set alert",,,"Adobe XD, Communication, Design Thinking, Usability, Usability Testing, User Experience (UX), User Experience Design (UED), User Interface Design, Web Design, Wireframing ,"
https://www.linkedin.com/jobs/view/3909037159/?eBP=CwEAAAGPrKyeR11IiW5ChJUTHMcgfmQvN_0MNx90Gk_T5zHaxWGxP1uWbmdvolGGjM4bJTUY0NFt_5pj9JiCnPkS99baGJsEMwWdVdjbVqQf_GFNHctvpH3iDq4UuYVoaeEJI7n6IAD1kxBoFfEtFeGD06q9hBpbUEjeVqYDmUo95MLPp8nD9BHaxxAV-hw-6hqVrkA12gLv4_SZKJNLecDNU5ToF_7H8_m8ULMF611N7bYaZzUYxriEA4qQMai2vHA4V1AeQHpoI_0e20KfFAlCN21xZ4XF6_6DOIzvP-sWXtMTotLTyEIzu-P-LMbVvkM-lvbCkrrNcOUsw6WmcWv_cplbi74OeyjAppjCxBH2iOgVUvTkAac_rd0ZogLs4wP3ep6OGQQ6AyLw3xdL__e3Ux21LsAPMNVbsWPIem8xQISS7iuMSc11Xksx17ytu-KtNSPjg95X0VEA6ojEI5lD&refId=zPKsCALifBiCt6iERM%2BC4Q%3D%3D&trackingId=sC36xrjFLqqysQqirKzLYw%3D%3D&trk=flagship3_search_srp_jobs,"Set alert for similar jobs
          


                User Experience Designer, Gurgaon, Haryana, India
              



 




    Set alert",,,"A/B Testing, Color Theory, Experience Design, Site Maps, Typography, Usability, User Experience (UX), User Experience Design (UED), User Interface Design, Wireframing ,"
https://www.linkedin.com/jobs/view/3779146096/?eBP=CwEAAAGPrKyeR_cXUVAFqLlqH2aTaz4QHz7OwZM7xXkrpvSXv9Ap_4xLgOsZLCoW8acyqQeEfvcoLZFuvUqKYLvG6L7o2k0-qwuT9zgK0Q4LOZUnWxfEw__fpf19GktFTN0w9asnPZcRaTV7ku2VoF7W7PAg4rI7N3uX5ks0-yiHC9_6qV5B6SsQxpgYmxWH7fvqYUyCA0E-ZkaTWgLFbwU8ZX6rL8SKaEVZP9FfdCdOIn67rn1F2NErnI8_dZBEI23RVBMXq5AwHYIN95fupSngDyqVyggvvHhrMN3bFJl0qFySoKMBX00y68u4B_M53k5GGc-RPgbsGQpGPZLyOsptcCpYndiJDV-LSZeyiNBoqQ-o06OeFNzPong&refId=zPKsCALifBiCt6iERM%2BC4Q%3D%3D&trackingId=9nod8Dwj%2FXb7FGNUQD%2F6Qg%3D%3D&trk=flagship3_search_srp_jobs,"Set alert for similar jobs
          


                Interface Specialist, Delhi, India
              



 




    Set alert",,,"Analytical Skills, Client Requirements, Communication, Figma (Software), User Experience (UX), User Experience Design (UED), User Interface Design, Wireframing ,"
https://www.linkedin.com/jobs/view/3753059857/?eBP=CwEAAAGPrKyeR9M6X1lnwffQ_11qGLCYlzcEWK0ttDp_KX2KxLxv9LTmNDcD8IVVOY1Q08ZLs1xwIhIVeej_7BCYdXYc3A04ZDzAOxN9S2Z6GA9_5GiozG-7k6IQ462vtTka8yk-0aUWxTigmu_pShnJrEyDJ06ECSf0mx5M6yCugswJ2m47NaaEMeR7eggHHg4Nt1unJJP30oRThudnQ2iuNaTk50RVfU4rhMtPavTG5geVKfX7hqZUtphMli4uUviZCcTSlubx-pEFRUW-aDv-Mbjv0R7O1SO37voGpCKrwHXnqlOdmcF1btosKabuGWJz112JFmyrUBch0WdoyhtVb7hmqaDUefhCXZ0hTelXJbWsaN5P3lxNr-cfGm6sRPWgQm1e433r3hAVt5GLNJKqDU-lr30LvTfrcmgCkzzLetI8Tz2RP50aW5kAZZtCxYwGkw6QB9HkMZmFTaFlCKl9&refId=zPKsCALifBiCt6iERM%2BC4Q%3D%3D&trackingId=iY9yp4krORbboyrLGYSs7A%3D%3D&trk=flagship3_search_srp_jobs,"Set alert for similar jobs
          


                Senior User Interface Designer, India
              



 




    Set alert",,,"Adobe Creative Suite, Adobe Illustrator, Adobe InDesign, Figma (Software), Fine Art, Information Architecture, Interaction Design, User Experience (UX), User Interface Design, User-centered Design ,"
https://www.linkedin.com/jobs/view/3933390585/?eBP=CwEAAAGPrKyeRwYETQuoIAU8lSAor2K84KGMIsNABJt-rDGPg9hFE5EDN8gPS51NenJr0oKpQDgRmBnW7-rp9qfQ7hXlJXJWcl97i4drO9is7k8ec4CekBRwcbYr3sZIngCSclW5ESxSNf1t4EU3VvjxqIy-ux44J1Jfq1JSjQJmadtBvEPd6at7_51QzE-lERQdJ2FDiMpM9FJkgccxGTtnWVy44JItwzw0HcxWhkPZCUW8-XdnME3JgtFHBvyxeBoRS6sZU7N8lCPKWB3oQEa220se5R3gwYhK0dyafMfRN56BaPt9BfQtL-e2DvBl8rdW1tebPxQqOey272mjred6p5Y_17eoS2AI9bMHc3vHSre874l-2IJ0JLjUeIeOUvPHo7GW_EXSatgkfWV_lsFGA9WpoXccl7z-QKSEzd4&refId=zPKsCALifBiCt6iERM%2BC4Q%3D%3D&trackingId=zRlEYjAgsP4qwwC2TuNsKA%3D%3D&trk=flagship3_search_srp_jobs,"Set alert for similar jobs
          


                Interface Specialist, Gurugram, Haryana, India
              



 




    Set alert",,,"Business Requirements, Design Standards, Graphic Design, Graphics, Mockups, Presentations, Stakeholder Management, User Experience (UX), User Experience Design (UED), User Interface Design ,"
https://www.linkedin.com/jobs/view/3627619750/?eBP=CwEAAAGPrKyeR_rqbsCTvSzbo7cHvDiDvtJ6lvUhRshaaOJYQOQHCdPhRT_Mp1gc3SRoKHx4xR9B8pEaBnUz2AIdPAb_tLRd61EIVQOwT3Ye5Hfh2F_D07F-FEWqkXV9FjWv5wIaBhsYlDq6RXAhEulwYdm_nVkDTWrLxF7w7uYDi6rckLOF3AXZr82llkMvQUGX_zW_hWEGi9XTX1He4Ma12HcIGHji8V9YiswLbZCvKKuBgtg5uKzEmTIkcbTS0S9N2ra9755pzI6Wa-Xsq5S78kt0kuALSSviKT8FMehKZDKd4-rOYi9u9IG4LGIJ6xoCcTs3S_WMMSTQoLu8rzd2kby0P4CG5ILhOu9z7Vfi1Y7CgESn5qf8jVM&refId=zPKsCALifBiCt6iERM%2BC4Q%3D%3D&trackingId=2QDVJJfnTHN7Dri%2F65eiow%3D%3D&trk=flagship3_search_srp_jobs,"Set alert for similar jobs
          


                Interface Specialist, Delhi, India
              



 




    Set alert",,,"Communication, Fonts, Mockups, Site Maps, Storyboarding, User Experience (UX), User Interface Design, User Requirements, Wireframing, Written Communication ,"
https://www.linkedin.com/jobs/view/3672222553/?eBP=CwEAAAGPrKyeR4Ju_maPYLd2hNof7q3CoVviTnFmvMn8tuEXwoALk4saMlEL24e0wFFLEgNwy-VadMuQCanzeMk_z11U9QpXeaxv6jPAoDh0dfYGdRQq38MM6RH8ulAqeF-bngDn2eZNcGJYIZsboUVEPKuY-d9oSWvoeUQuK4O7mroFMq_BTQO2Am_YL8BKZV_6NXD60ahptMp4cZ7u1F_QtWLrnyGX2nnOHriyLyPjVWh7KvAJ5T5LB2DEeNd1SXLBx6VovNviM_65xxpe8vh3LvJsNcf6xwpd3C4nEftxxk0ORJsq6oya7_4eRpfAMMCDCldX15-5wW86Q0lmmE9jIQzWA1cLBU3ESoZSKXkfCtPze6I1Pan9kJGTnbr8_fZ02Vxb9O-5eIwJqeI26Jo_demooDysKoyO1W3Ekso7c0ztZ-zTLTRz30gBtgoHxU1n4G11tX-5oNNh1WijZ1Du&refId=zPKsCALifBiCt6iERM%2BC4Q%3D%3D&trackingId=BLmR6kNOrLaK37RulVGiOw%3D%3D&trk=flagship3_search_srp_jobs,"Set alert for similar jobs
          


                Lead Designer, Delhi, India
              



 




    Set alert",,,"Critical Thinking, Design Briefs, Graphic Design, Graphics, Mobile Application Design, Typography, User Experience (UX), User Interface Design, Visual Design, Wireframing ,"
https://www.linkedin.com/jobs/view/3755260571/?eBP=CwEAAAGPrKyeR_TiRcidvG24ya_2UXnIJ5aYbKpQA9s1MxLHRp-p2Ke6A4IoGZMuowtlky9meqxnYom4n2J39ro85IqGQEoeK1lCJarxGJquWyLjb81U3N-H5h0RWq_d7NeV5-WVBMYZVwCsUskVzvajJuAd-kPfVJuMZn3S3WAQ0jNN1kUvp_aMvYPMtxR0BSMGBYyiEMoUG_jOxyVovyZAuO-P1SPz84gh-rGG6HY6JJjEGMTRVgraZ86fI_wUUOwL-Jze5lzaU-MiMIgVTxeTasPoB_VKVfAmON3y4-ws3gkWQfjGbc3DIMFPC8FwTFipWuRy9MABIRYqMIznV0dkNC9Q06Jdq6f49N-ZWVgtCWf4YBxQ65i_SnU&refId=zPKsCALifBiCt6iERM%2BC4Q%3D%3D&trackingId=HHw5dGSBzgS2UUc6JrVWew%3D%3D&trk=flagship3_search_srp_jobs,"Set alert for similar jobs
          


                User Interface Designer, Faridabad, Haryana, India
              



 




    Set alert",,,"Copywriting, Design Thinking, Figma (Software), Sketch App, Strategic Thinking, User Experience (UX), User Interface Design, User Research, User-centered Design, Visual Design ,"
https://www.linkedin.com/jobs/view/3627616206/?eBP=CwEAAAGPrKy59e8xvbb3p2q2qPF7wifvLj5nuBiKKGYHXkw1gADpz970adlVC1PoLAiLLEonZPE-4QBRuPZ3QC8X7WfduArjmmtczwUCxUVBwURzhfGF4lyJfKgWnPt8YEUjs1grXhByxP93_Qtmd5ALpYmiBjuIX5iQzQh-pRfL-Z-R5ysu5_w4F_QNnstPDykvvwkBF9D4-hhOc6nsYqI3i7x5fDXhk2hqiPKxm4R5hu8cqQorKjdRQxfaqibM1iFpA0sh_NLArTk08a3vlI9FjscSFQgNp99XDYP--KgUWemZ3IjGYwY2OQLkq4L8nQFyelBqw9trZqaeqenKsrWe6p9DoihQqy4fDgR_UKL8y5Mylw9VEHGoRO4crzb-EAKk75b8yNiwgP49lL0Kt-Kz_v4vPDI8Y1V2ciI7TPBdQBeJ384JrTlInKzeZPbDO1_bR-Lddg9Aqg5jYdo&refId=mWWhcvQll%2B9%2BynTNfqDTXg%3D%3D&trackingId=NuUNi5mLaVFZkzfG%2FQZ7yw%3D%3D&trk=flagship3_search_srp_jobs,"Set alert for similar jobs
          


                Product Designer, Gurugram, Haryana, India
              



 




    Set alert",,,"Information Architecture, Interaction Design, Motion Design, Motion Graphics, Product Design, UX Research, Usability, User Experience (UX), User Experience Writing, User Interface Design ,"
https://www.linkedin.com/jobs/view/3627624211/?eBP=CwEAAAGPrKy59W_mQvC-LXnmsh4zBPeIJzB_Eaas5HO4DZLZ-HwQGLy_bY4-QldBQok9H8WF4yGZkenQGsRt1S5rUVkUBfcPpGftXU1deOujyjKheOyWG7pnqB3CBLwkaohmgXhHL2CGf17y01_QqdQXGblIWzvlX7LiPvFcfVwUF1KfBBglZ0u7ZKyz2qP9ESRCYEfz_ptSK8XOER6vRbOyOQ_6o98iMhyL5Hr2mFgobQn_9RN7K8aJ_UQ3fWL-UGxs7yGtphBnjwrOq28u9FnXX6xIEpQSKzWDNKLHdbNpaFHL3hWMTmsd8tpHHNvg-eptgidIhpE-RNikrvzlyZJ5BNeBG6i5l74JvXOeRfjfOvuz653lfCNjDoA03jqNb2GMk_xAVBWby0vaHkHJp05TUbD7QN7M6G2Bf60TjH-btZJniX6VE_PlN-VXBxcE56N6zJ5zd2wdpzdfFAZYAQ&refId=mWWhcvQll%2B9%2BynTNfqDTXg%3D%3D&trackingId=vH0Rr0S7Nx8N4dywlRQNIw%3D%3D&trk=flagship3_search_srp_jobs,"Set alert for similar jobs
          


                Product Designer, Delhi, India
              



 




    Set alert",,,"Figma (Software), Information Architecture, Sketch App, UX Research, Usability, User Experience (UX), User Experience Design (UED), User Flows, Visual Design, Wireframing ,"
https://www.linkedin.com/jobs/view/3924963771/?eBP=CwEAAAGPrKy59aZP1z0kDGyooKkKZplzV0TDFGVEp7JSOb0i3UKf_c2crutlmqGJRGxV3-w2PLci2Wovj96Qghz6c90f6KzcM5ketTFPf7akTZcXeHa2xoLkplXYuZNSb6defM7W-nDMg6NOqRhk0UnTvN4hQgVXRvrCCsmarQY3uPrWvcl5C8VDm4YeQ--6TAVgs4WnBzAjutPBQT1-PgDanp7weq6Jt4WsGuDKRgJQVF7-AryUfqjOxesFciNllxZ0AeBkhHy2nhtWxg-2rXKjOP7DBoBxClbeg3egw44G3QVF4b6t26dgOwjV2CankFqPn1krxS3TWWXZ0lTs_NF5qJni4h8FpT1nDNsQFTkcDtYeqYhLn5yMo3s&refId=mWWhcvQll%2B9%2BynTNfqDTXg%3D%3D&trackingId=CuDYX6ne4EKcjXS%2FGDztZA%3D%3D&trk=flagship3_search_srp_jobs,"Set alert for similar jobs
          


                User Experience Designer, Gurgaon, Haryana, India
              



 




    Set alert",,,"Design Systems, Human Computer Interaction, Interaction Design, Presentations, Prototyping, Technical Architecture, Usability, User Experience (UX), User Experience Design (UED), User Interface Design ,"
https://www.linkedin.com/jobs/view/3786894293/?eBP=CwEAAAGPrKy59VH4gQ4RcRe13m6YZ87-Jv6BRmdwJtcM6KzzPQOFvW6zDSs68p5ehXb6xizLYHKd2-r9K2FxK6H393ztdJUq4HZHHs4GFTSMYi61JlZDa5_WdIcK09qmZD2rzXJ2IFAyv-wMw5Ybk98EuXZ5mhvYjYGcj-lGhQZOGL0vfH_WMrsK3PN_-w6ge1kr4rmA64h2NpJKK1HgmUtEuEYG-T7wnuveGVTFeO1I0fqfkMVfG7SAxN8ZtDy0DEru1PZL-8tMKHQAZZd992yJ3oqG06aUeMeUKNhK00zqk5705oKdrrBA48vT6YIojl0cQYtxAK3YyWEIHitrtgKEl-TqzdZdotLAxV6e2oq4mD3-V6coZKsztRg&refId=mWWhcvQll%2B9%2BynTNfqDTXg%3D%3D&trackingId=WF8gZPiLz7bsWOdLI5RmyQ%3D%3D&trk=flagship3_search_srp_jobs,"Set alert for similar jobs
          


                Product Manager, India
              



 




    Set alert",,,"Data Analytics, Flow Visualization, Google Analytics, Jira, Market Research, Product Life Cycle, Product Lifecycle Management, Product Management, Skilled Multi-tasker, Wireframing ,"
https://www.linkedin.com/jobs/view/3917304417/?eBP=CwEAAAGPrKy59WRzKpIJ3Gi_X9-kgK8pK7BykXB94mzvBovuJzC-g-81Mzn9pQXx41ncdQMqRAb8S1ntG09fWXahs4yHGJgVDlwFU9k8dJh8mXXgFZKUnMulIG9T1QMlfGhh2-Obwvk8TOI3ZpNjPK5Sz9XLEpozAGjXj3eT9QombpS0_wxDKvItu2-ikOSCS08Ze3fCswNJK1Ekoyod6IhfUHp0Yaw4bHZWUswWhpSbsYE9dRLKmKkMBNrEH3npViK_EgzkIqd3PW5sN6hhugrSPG-H6Xuso4Nk9PU-ZUvBL4kHIglG6XniqEvlcrPXMI29fsSERwdnfs5oLzCeksLlE-NBjQI8yE0wgZh9JMzOfW7I6Mp59b4wjPU&refId=mWWhcvQll%2B9%2BynTNfqDTXg%3D%3D&trackingId=MgT4fmsHDOcJvWhn5DcWiw%3D%3D&trk=flagship3_search_srp_jobs,"Set alert for similar jobs
          


                Graphic Designer, Delhi, Delhi, India
              



 




    Set alert",,,"Adobe Creative Suite, Adobe Illustrator, Adobe InDesign, Adobe Premiere Pro, After Effects, Attention to Detail, Creative Ideation, Graphic Design, Graphics, Presentations ,"
https://www.linkedin.com/jobs/view/3815118560/?eBP=CwEAAAGPrKy59UK-h596Qnkn4u7gh8gtKv2kV22rIpFWTHnQWH7mF9MC9N9dkXvAxKkoDwRflvDQWfFbYjBuYUOzMjJkr_CmEdiY6cDHGkTeU9qrWpLTK1hCNG5es_Ktw6z0zH9oU0bOkAyMO9c71b-CnwHFoUz0-RiA6hxDMqVBdLhWdCKDdI3IC7-_HqJH_l0xPSOlnYC1nXSCLoKjf73yqtsAE9W1pX8FIwNKrZISV0miXBZHIWECbjnN-cqLEVPz0tNwomZWtcOMH7pOWdCum9Iq-tVfFjUykkw5KXdL5aplhXev2MH8HnZEDN0q0z4Eyeu0VNIEecTjePuGCmEokL35pe0EopyKsQOdVhqSC9IeBDwmEZZd_bVXvELVpsSSadSmzKrTBT_DwfU8qRppAxq0VQ_1aIIQp6FE0aetlTEpqA5EMZVqkePABsVyarspZeXYU06nNYEA1aES62DO&refId=mWWhcvQll%2B9%2BynTNfqDTXg%3D%3D&trackingId=X%2FF6F4AEzg9c%2B3nrLDJjEA%3D%3D&trk=flagship3_search_srp_jobs,"Set alert for similar jobs
          


                Interface Specialist, Gurgaon, Haryana, India
              



 




    Set alert",,,
https://www.linkedin.com/jobs/view/3893628264/?eBP=CwEAAAGPrKy59fnQ8XvEyixXx-1WBsAljnHSVWFm7l_Uy_zPhu-gw4o84CGzLtgHp9CMocS7GKURIIqvQL6gD_r99A7f2K-lyI1rETG1anGKDwP5o5g_OPQFAOFXaTU1j82SoVsAINbySb3Gr6uQI2AAr5ai5QKdGB_UO8VInF1LUucsc-ZqP5TaK1MHhfSItnRV-G0kLBgTek3S0TRp-VVEsFEs9CztUkau7Fea9m0xzOQKsjPiYhYjXkSsX4AiHTEHNJWiCIGypiZgWbOhm1vHFilEJNdCS6pV9sz2D4ISfAdMo3aUzpX-iUys5rGFMzOpixnzSqns3TzzP6hVA1sTy_xe8om12sf6H9rx6WIadZMsWJYTvQZ6L175B3_smKtabJM9aO9oDOSB_P26mWbstfCYmEUd_0PNqSmzzDDblw&refId=mWWhcvQll%2B9%2BynTNfqDTXg%3D%3D&trackingId=rzUl0%2FQqv3MpYJiimjnoHw%3D%3D&trk=flagship3_search_srp_jobs,"Set alert for similar jobs
          
 

 




    Set alert",,,
https://www.linkedin.com/jobs/view/3817350481/?eBP=CwEAAAGPrKz3qryr-TybpASUGHXp8v3jiCuZnOEZw_wYeNk4mMiT4-N38iqFh9neu3Sf3NmIIG8LDEMMcdSnuFFBgF0jMzJ56AQGprtWBAMaZx8OixFYImQua65LtafjlMYQrgkpLpaiWaZi3mu7okduG_wg2DTMpu-gZ6HBV-xdZ0YLkmonk6qZbZL3IXp_oXVCO3vXQ4tQgfr6zcaVKU9R8Z7PFzKP49wfjokHffiwnhd41r_5XkOm6LNfZpX7dmvDhAztE_eICBsuVVgG2p1enmWUK0ECmK5Y__TVPS0EScuKXWCV1mB7Cb2So7dII94WUwsm4Xo8ZsfcKF-t209m1X8s5_Mdo7WhxCC5ia6iCKtkg8L2QlK5fmt07g&refId=%2B%2Fg0Rr446UN4%2Fs7RdQSaDg%3D%3D&trackingId=I7LICz1k1Sx7qFiK37xfgA%3D%3D&trk=flagship3_search_srp_jobs,"Set alert for similar jobs
          


                Interface Specialist, Noida, Uttar Pradesh, India
              



 




    Set alert",,,"Communication, Design Documents, Graphic Design Principles, Mockups, Usability, Usability Testing, User Experience (UX), User Interface Design, User Interviews, Wireframing ,"
https://www.linkedin.com/jobs/view/3909035160/?eBP=CwEAAAGPrKz3qte85ik1uMdBaEoHOMJcw0glNKef1Zfv-0KPNt9oai6zhtSOQ5z16gitEmxszGQe3PJSvPpfgnRs4Y0NPtv05VtplNpbcsDJqN0qn5jx4mln7kcMTGO8dFbWJFmgZwy_z9LJvBFY0s_jOHe2Zica05f_04jLUJyhAcksDPLCu7r_i8NHQuAOmghbaiv3A2vz-SYnWrTOjpz2ZHeWBIDaZtoIg3aM1sO0amT_Fi0PB3QMxvCsg7hytCzEUJPfhmYCe5igohlfcLpWZdVxFHWyw7ICWGq3zTisKE_tS4W5mKyk8nRpV67aYcTx9FoT3n9Q-qBil-zgF6CzipXFY9VAVOZds3OlRbbSC1skFi97j4564SnwhtA8JA2KtfVBrhjrOd9ap5qo3A7KWrvSlHtyLSHlVg5dKgf4uQ&refId=%2B%2Fg0Rr446UN4%2Fs7RdQSaDg%3D%3D&trackingId=9KlKKxerJCZ9ZrvhgOJ3Hw%3D%3D&trk=flagship3_search_srp_jobs,"Set alert for similar jobs
          


                User Interface Designer, Gautam Buddha Nagar, Uttar Pradesh, India
              



 




    Set alert",,,"Adobe Illustrator, Adobe XD, Maps, Prototyping, Storyboarding, User Experience (UX), User Experience Design (UED), User Interface Design, Visual Design, Wireframing ,"
https://www.linkedin.com/jobs/view/3929033654/?eBP=CwEAAAGPrKz3qqDN9FdHgirQSp4fhZI0tzJf4Iw19j5vRhgQ67oZe6ZLFvbT7Xeq47MVsOCje-5IfWJAl7iQiJldXVDX6U1BO3tnBo3dXFdBClRrSc8nI_VGLt8Jd_9abTYLudXdMW6yfMqFD4cBr03svlJ3mNsQt6h31R4mOi5ermIumKtxjN6Pwrbho6S9OCOxfWqLd0ek_-tzHvS7el6y5jgLqMOqNsUKwrQ8QKS3ph7LlGzfydjwwe4vx3aFiifnlkbKpQf3Gg80839QBZeLY4shP5_1VLByJ2ueZhTbpsHI0D7bOdfyKRe4_qQ1uyVm6NXjJaIcL1KVdm86NiWr-1JtrS-xBhSI9T0WWys7cb4ROod5HpsJKwDN9qW5Jrm8554Q9NrgROmHNRYLcZmAlzgKqNhZdtUZgvoZX7tgaPIlOOfX9Hg3PWXcWrHS6nScdgkKN6oJOsq1-PteyXcsRKI&refId=%2B%2Fg0Rr446UN4%2Fs7RdQSaDg%3D%3D&trackingId=9qwGq2cwwBpNIyWQ9DJCaA%3D%3D&trk=flagship3_search_srp_jobs,"Set alert for similar jobs
          


                User Interface Designer, Delhi, Delhi, India
              



 




    Set alert",,,"Information Architecture, Interaction Design, Prototyping, Usability, Usability Testing, User Experience (UX), User Interface Design, User Research, Visual Design, Wireframing ,"
https://www.linkedin.com/jobs/view/3893273359/?eBP=CwEAAAGPrKz3qs2a9mPcKK4Dl5xrnGdgwpjQyBnJgU3G3NuXxyH1zcSDSQtPKa_YavFXxIPTmp-T8xBAuRlUsK2emiXzkq3aOa1nOb9_1pu6dvBAfSn_ei9uC4i-BT2BaSy2KGIV1bV5wkF75n84QukUbv42MhHbG4AaROoJrfgsFZb_i0REuCXzOPvjqutW5ODcrJDJHIizKmoP_fmNyB5uB_btJGk4kdbmxt3uvCGfl8EJND9joDO9SIGIL5qEJwM2G12GXcYUA_m3XOJZiw-r0rK-J5xm6qT5ZAwEoU_Q7oTvrRkdbR0dt1W_QLQjAk7AkmMaAgLeYQ8sLmxaCbfWebS7tUX726pREfrPEguuFOm_X3FvdhBHovOxUgOGtRzBVz99tYg3hS1Qt08Pvh2Hn9M7D9CMPjY873S8uIfvqF2hh9cG2-Xg8aD1Drg6mQgKrkQoJ-5__K_52TXT0mIOTdU&refId=%2B%2Fg0Rr446UN4%2Fs7RdQSaDg%3D%3D&trackingId=sNKUSbaireUprsCwKzEuPg%3D%3D&trk=flagship3_search_srp_jobs,"Set alert for similar jobs
          


                User Experience Designer, Sadar, Uttar Pradesh, India
              



 




    Set alert",,,"Adobe Illustrator, Adobe Photoshop, Adobe Premiere Pro, Graphic Design, Information Architecture, Prototyping, Usability Testing, User Experience (UX), User Interface Design, Wireframing ,"
https://www.linkedin.com/jobs/view/3880148341/?eBP=CwEAAAGPrKz3qsl_xMqMtbmYJ_tgwsOwEVe6j_FajlWLir4adX2-HFrqSTaQYjgm7PkzPfSZsB-XtlblVFHBr_mzUNjpMLVenoDW6giiizv7YjTr6lgXkLn9PPYgsgMuBdcc2a1cAohVKmatuIQuvKJYrn17hGQM1tQ8fvL2Z2vh4Nagq4STBrrPZg3Mus4qQavycfC_uXDBG9xd913Nj6t5kSdnlErDwZuAoADNR49B3R2A8oDaHybAYqEPPopfkHeKJWkFlx9GO1_4-lD6Buz7sTEpowdd7feXGgORFxw4aOwBUbOMEFZ_N5640m7l-1DxH8EMPVJRdSDtD1QhAz0HWbdlYhyNkJC7Iwre4orL94qR9-e9kEmrbS_yyw&refId=%2B%2Fg0Rr446UN4%2Fs7RdQSaDg%3D%3D&trackingId=Hln2eYDFTJ8qAWrgWoYhrg%3D%3D&trk=flagship3_search_srp_jobs,"Set alert for similar jobs
          
 

 




    Set alert",,,"Adobe XD, Communication, Concept Art, Graphic Design Principles, Prototyping, Team Management, Usability Testing, User Experience (UX), User Experience Design (UED), User Interface Design ,"
https://www.linkedin.com/jobs/view/3928002634/?eBP=CwEAAAGPrKz3qymnILYfRbyl2ZdyxKt3VwNf6KWPvuBflYkTG_V4spvZ8kX-aYBRch-oYVDTwdnJsaDwQPSekkI96LTPyD-3uLHsn4YaN4an9o2NvOl1SsLjAxvCkr-KrBxERWcTWF_fx5Xh7YuEF_0OFlt9HtGqRCBd44a2tgLAZFbEJEpYEWTcThYH9QnsSa3ACRaZiUhE6yKImq9VKP1tzJ4aEpqYsOEQSUBdOv_3O1iGum_ddQMTA1IU5Wu0Eaj1DzOu4DaDcQ-XdnfftmEufWd7LUdogj_mAKWNkD1VC-rEz1it8Z6dcOHUnDFuKqb6dRIaaNPT5VWs36RsExrT5GFsjcLki-Yff0zjxZ7n_eOxWKw2kWUXjEWARUuCFI6poZkyLmQ0enXaRsUJS6UEAFKvl2OKPtRa_BzJxQ6nyEmvh7w-chALQhs25LiL2n60MIg1Z106USOkfa-5q_fg&refId=%2B%2Fg0Rr446UN4%2Fs7RdQSaDg%3D%3D&trackingId=ERQdezKfAwyCRZHI2%2BXb0Q%3D%3D&trk=flagship3_search_srp_jobs,"Set alert for similar jobs
          


                Lead Designer, Noida, Uttar Pradesh, India
              



 




    Set alert",,,"Analog Circuit Design, Analog Layout, Analog Semiconductors, Cadence Software, Customer Interaction, Design Analysis, Perl, RTL Design, TCL, Virtuoso ,"
https://www.linkedin.com/jobs/view/3890980092/?eBP=CwEAAAGPrKz3q0rzVh-KQbfFn_VlGx3UFuS62LWXFdK8pMniFKq6CX8JldfhLTM7qmis1SMwpRI3p8rIhezfTE0to1rI5Wcix5c9WEwDNeoAxyx8aeMUihyuiGoDGykujvozbebqbk13w5Fj7HaZeVe6tOsTWxRePRabX6FI-_bjKDiHoGeU1VoCs6KOQ0O_fWzYmHFrhAKSIpCjhqDzvqu4n1mgRzCVorXO5G0MuLykhxf2a4ozlG2LQ48VtJrUUXw3pxuGZ2hHKdHiHLXM7NVzs28APR2x9e0re3NjQcPAXdqihPfCnLy5CwA6kUy_J29VwfNhMHIUBZtKO8JC--cBvsnBfaESQl0Lfw0RxiP2vlqLkOUOjjvlMCInvb4adOoObHI3jtKgqjWFYx8KqYzcVuXvPPwi-dGieWPEYL8w3kENP0Hgbw7eusblT1Gr-On6E6Em02YKl6tce09iKzwCjZY&refId=%2B%2Fg0Rr446UN4%2Fs7RdQSaDg%3D%3D&trackingId=1CJ0kSJpvUuOYtgnyPbDZw%3D%3D&trk=flagship3_search_srp_jobs,"Set alert for similar jobs
          


                Senior User Experience Designer, Gurgaon, Haryana, India
              



 




    Set alert",,,"Design Systems, Gestalt, Human Computer Interaction, Interaction Design, Presentations, Prototyping, User Experience (UX), User Experience Design (UED), User Interface Design, User-centered Design ,"
https://www.linkedin.com/jobs/view/3909033576/?eBP=CwEAAAGPrK0Qi2xfn9Bo7mbSUqtwff3WfN1k5HvrmQK-Yegop8fgvOUorwNBYDR8ge5OaxeeQZxwX-dxo1RZugZGL9puQ2G2caEKvZ8wQUbYiHVynhV3YjfniPbA-A2givhuif8xtddsI-YRC19w947SUbAD9oYc1JL2alACBh99rxfPAUllztA6Nh8adjHqwkbH9V5xgWXf-DUgruVNVfJJ4jLXB6XkG1x2kh2fudvdBgFTSbc9GjIXi0hqgOm4Th8RoOCiBzci6L-QqHA4uI3TFMc6bOnzmHcdSXBJd88RD7_c5K2SqA09phSjkUyFyUXmqYviHH_af-MJDngvD_xRPPdP2NQtSxfHmXV246acOeKJh9KCAinzs8I&refId=XwcM7%2Br8ytpqhwfn0qN3iA%3D%3D&trackingId=Vn5doBTWwkFXA1hNl0s2IQ%3D%3D&trk=flagship3_search_srp_jobs,"Set alert for similar jobs
          


                User Interface Designer, Gautam Buddha Nagar, Uttar Pradesh, India
              



 




    Set alert",,,"Adobe Illustrator, Adobe XD, Maps, Prototyping, Storyboarding, User Experience (UX), User Experience Design (UED), User Interface Design, Visual Design, Wireframing ,"
https://www.linkedin.com/jobs/view/3916114330/?eBP=CwEAAAGPrK0Qi2oUeZgoekei3hnyPwIsQY4Tij2EhOq5sA1xSRieArOGa3NvYc5n-gd4MTCbRi99Gnm8Yrc6UTXXhdeZ6qlbxKXeHUiU0TqTnwm4mVIQZSeOoLefJke5A4XZJYkgqCOURAHzL05m24q06_VD-bckUYlNbVMF_DxkvbU_PT6DHhrJFCZhQESS6bFob9ZGYeuBlUd2di4hwywV8K5Rx-ewex2JFSAu2kqJ2PlpanADgUeItV5HgKZ7fT2-tnGe0yLzdqNOayin8nqXXPUUJZtslCSV4-mF0rgMnIs4x4ivVhlJm9RVoQtrz5bp8DxL7HhUmvNmbBBJcNC4EMOvs5jQAley4BjZcmr_qMF7I-ug174aekRdSAL1j3k50wvcYFeuRNUQ9tzz8EEUqNpzRCjZXmups52M9a2XUq_9DnoAMjXGHLW4f_7lRV2Xfgml-sCo-vKxxxyh0Nzm&refId=XwcM7%2Br8ytpqhwfn0qN3iA%3D%3D&trackingId=%2Bg9cy1tIMVQ94yL9GTeMCA%3D%3D&trk=flagship3_search_srp_jobs,"Set alert for similar jobs
          


                Digital Designer, Delhi Cantonment, Delhi, India
              



 




    Set alert",,,"Adobe Illustrator, Adobe InDesign, Art Direction, Branding, Digital Art, Digital Designs, Typography, User Experience (UX), User Experience Design (UED), Wireframing ,"
https://www.linkedin.com/jobs/view/3627625378/?eBP=CwEAAAGPrK0Qi5zjpyZzmdLjL-H7tqR1mTRoCfOrJSOpWgztk58lR_4FxuvZpzgbQRk0fc1GE0m8wWGbCOWMLFQaceFU6RaRYqTZLKf0R939v6eNRQJRcuSWaXsGMR-elIQhNehAnLEffuu-Nud5miPTYrDSfCTBVbVkESVd_CHo3syWFHE9Xl3xPaCkMW0fcbFVFj7lJ9EZRCediiR_UPhybIjEq6jHH1C5NlASdLK2Jt6PHDJaMtDqw6NqICILAlE3DRQr4tZGCaNUVzK008LMt7UUK9ID0twQnlHb0Vq3iKcAWkAFFGYExG5UhEd0IpJa0mqsCr9v-m12w3hi_CLf6GqVmCC2PzsXeJymhqt-ePYRo_JNkUC2evY&refId=XwcM7%2Br8ytpqhwfn0qN3iA%3D%3D&trackingId=U5wE2E8vFIY3YDqcW5u5Og%3D%3D&trk=flagship3_search_srp_jobs,"Set alert for similar jobs
          


                Product Manager, Delhi, India
              



 




    Set alert",,,"Communication, Customer Experience, Customer Satisfaction, Go-to-Market Strategy, Market Analysis, Presentation Skills, Presentations, Product Requirements, Product Strategy, Working With Clients ,"
https://www.linkedin.com/jobs/view/3933547617/?eBP=CwEAAAGPrK0Qi2pzTDuOZog-Vc0_EgRpZHx3SQUrIyP82m5m6ftHTsZRg63t9758hre-DyteXqN_XxRPqVlwg9yr9jbWiHm988xFDAGPhVTlREcl-DbqbCc2tI6G8gGyTKKJQb8oEA3Cqtgt3XuICQdv6eITDGJa35hk1FyZ0YvSaX7hP8e8JcGqxyaP9L5gaE9Sa7gBQiCp7dk1T4xazxZxNmX2rLWkb1RXzX63ijPR9hSKy1mk7zaPnSd_t6tlix1gJut4iPeW0ZD8pHtSVaf83Ysrk5oJCVyh0QuVDx4lZowH-MOMfX0vdG0rfNnze_UW4UXTiSTadtkA4dtfHc6IKR_qyB75YjHiPzQsabfaWOmgwLsFWnKzZfFKMGWq_03aKhxqR4soPbhP0cOSchCX9yG21-npUXKEV52k0yhbCELPaEQJnHBkVCS9JCmWUnYQ&refId=XwcM7%2Br8ytpqhwfn0qN3iA%3D%3D&trackingId=nv1CbmrQWWJehNCtttfKLQ%3D%3D&trk=flagship3_search_srp_jobs,"Set alert for similar jobs
          


                Product Manager, Gurugram, Haryana, India
              



 




    Set alert",,,"Adobe Analytics, Business Insights, Communication, Data Analysis, Data Analytics, Data Manipulation, Market Analysis, Presentation Skills, Presentations, Product Road Mapping ,"
https://www.linkedin.com/jobs/view/3797429016/?eBP=CwEAAAGPrK0Qi5ZZKMM3pHZYbPazj56p4Vvag071wcBldgSz-atLg2DZ2h9gBcS1pc237fHKYNcI9oUaHEo5t_Fr78LUicuc6e7KUt8wwn8x13pkPD4V8rRV74d9vHHn7-tHXgkpQgaxkBXPqEQ_TrO8og7kAX4MDYeAJ5ZGMj3spl2ZadsdJ15XI8MHNX5zvez5TdQQipX9Bs5UyeCwgO75PU6LX8o2fehpg1fWZlP8bA_qcJ46dlfLRiTkSYbEHlFfFMWVUhnC1UVPCw7wqK6SoAr4cQ8c7I_ppY5vpQ6hGF01SMr2jJbs7oayPGcbHZIw2CZdHja3-kC4TVBDyLyceH6gk4VtZf8nc5wDlWUM-VUPtvm53KNT8ymiS5_k-vvryupBplZDNld-U8QIVpDzflhWpM45dAbHvnMaDC2lOr2aIuaeXGOtzVlMGdeUSm_jK4e7qDuuPDgWJrj9gw&refId=XwcM7%2Br8ytpqhwfn0qN3iA%3D%3D&trackingId=%2FkEVkTNU2zs9P6wrGUDNbg%3D%3D&trk=flagship3_search_srp_jobs,"Set alert for similar jobs
          


                Product Design Manager, Gurgaon, Haryana, India
              



 




    Set alert",,,"Commercial Analysis, Presentations, Product Design, Product Strategies, Prototyping, Seating, User Experience (UX), User Experience Design (UED), User Interface Design, Vendor Management ,"
https://www.linkedin.com/jobs/view/3885172009/?eBP=CwEAAAGPrK0Qi3Y-QozHu7q9e1Gn4KBjxwk_B2Sx-x77aXmySzKoA97VK_WOFKZTPHhvs-3HVWZJnBa4y_rxJJBry4dZlUnfCAACLLib9PjX8joLYn-GgySm5rUjBIMobCeteE2JLPxmDrTS_izp8nTgROrI9kHCUXdYemnAm3F8UmT9x23CtfsGAXcrUOXbHaTnS1xoWQS2AeNMLZfYOCnLm5m-Mj1DWdh_Y3vdanN1-iQEFwWRJ4j5BvPwW4Jtiz3zvnY7SOObc76nT46qen_zq6hol_F8FUeRtZRaBJpYuaHXovxkmxH3i9RDbQf9CGoTkFs_iZVS-xFkjdUjcVAave6ofOXJf5pXHJt80diOISlrKuETMmCw8GY&refId=XwcM7%2Br8ytpqhwfn0qN3iA%3D%3D&trackingId=H04ilRUONy3NOqldmYAC8A%3D%3D&trk=flagship3_search_srp_jobs,"Set alert for similar jobs
          


                Interface Specialist, Gurugram, Haryana, India
              



 




    Set alert",,,
https://www.linkedin.com/jobs/view/3893284455/?eBP=CwEAAAGPrK0Qi4EGUNoR-APbl8M3cXtGsI4SmsCVnOO5J_rmSP9B8ru-qyJTvNb-MXhPQL3tZpYvRbCDdpyexVhAYOxu_ryZwkvdonxZ4Tfsw5VZxkcVeMBJZwqGp3NRQIPB05wlrIh2xeBQQU42etF-OAFZV-6kdpTK8zWhPGSP6_Dbcq5vpDSAdFNC_YkhZj-_mrHqJlUTwstBZhXNrcOA9Ut0B-6BzOV7t5rOeMHOouXUs_XwKvDLa6punZvSvjK9U-2kfH5sYJdbUqtAnb7b3frLw9aCD9LnFFCedzFCBJ00nFQLp9kKnNsw5NANc_6DirQiSaJrCq1glcD5qvXapZZLpMKz5vTf56ncOtRqoeksr7Z4OcmvCuQ&refId=XwcM7%2Br8ytpqhwfn0qN3iA%3D%3D&trackingId=MKKloLtz4g75%2BsWvwpCfzg%3D%3D&trk=flagship3_search_srp_jobs,"Set alert for similar jobs
          


                Visual Designer, Faridabad, Haryana, India
              



 




    Set alert",,,"Adobe Creative Suite, Adobe XD, Communication, Typography, User Experience (UX), User Interface Design, Visual Arts, Visual Communication, Visual Design, Web Design ,"
https://www.linkedin.com/jobs/view/3812825791/?eBP=CwEAAAGPrK0zbtvdJZ1Kx-qWhCSFsN1mhuPlFs45XMkO5p1AoWaILN_RjzbvWJtKbPhxtSGakbVa-wpcwatsefWfgYo78qD0rBT88dkM2PPD9zFfKfJs1fxhbqUkejlZucEBhILkbQviO7TZLH7gKFOhZP31G9eAWmirBK_iYZ_pwiV_uCz7DVqUXAd4AJg9UT0g4LV7UmJJYIHEAWFhtLC1z0KUiwm8PFv2dZEAgzFdIii71JIdvwKeVs8dFndPeexTvAGNRom-fpsCnYm4fI8xYZ-RZibXjtMkDlM8iDCDKIkdSs65WRD7FL-MmhHtYnyzR4WgwpGALAoFQiEe7cxxyMNTr-wnP7OhU7NnPiE072U8xCkp4LB8gNk&refId=tx253bXI59wylkn1BSoSRA%3D%3D&trackingId=eGOgyM9Ny0c63dPAuUnPbg%3D%3D&trk=flagship3_search_srp_jobs,"Set alert for similar jobs
          


                Interface Specialist, Gurugram, Haryana, India
              



 




    Set alert",,,"Communication, Communication Design, Interfaces, Product Design, Site Maps, User Experience (UX), User Experience Design (UED), User Interface Design, User Requirements, Visual Design ,"
https://www.linkedin.com/jobs/view/3931901867/?eBP=CwEAAAGPrK0zbqUCf3MnoTEi9EEwDnl7OH_QPkd8VBlRoPiOqcUUG99LqCwzheOuAKtIlkY44Iv9ENj7p9M69T0FZ66lwyPMAAQpkmjn_r5wqdzaNWhyOiW4GlkLDwZZowl9bFGzk0WKzcZaFfWq6p-4JJv5M0DnWdB5a86HnCiVmtWdhc9UdPmKAuFbx1yCoTp3FOE7riClHRUDV9CTuEKM_KFdFkTHrF8i0uuy_97k6pql8hG5PXgTnsyZAK7ZM384gg9tAN6ug73qJ1HS2QZEDrpn7mVSPGrU_O0zhoSLrJldAKlbYdk0bdRdWDqAuLylJ_akPVZO0qaYMdt93j6KbaeqqJXLEpuDcWfNJP6cJ1dcQWc_QigMho2AroB-GDGuoFCKhH-np2W1pnE5xlOrHwW04utDBkub6A7o-K4&refId=tx253bXI59wylkn1BSoSRA%3D%3D&trackingId=rmoiLfi%2B5a%2FaWvhU8WI5og%3D%3D&trk=flagship3_search_srp_jobs,"Set alert for similar jobs
          


                Interface Specialist, Gurgaon, Haryana, India
              



 




    Set alert",,,"Presentations, User Experience (UX), User Experience Design (UED), User Interface Design, Wireframing ,"
https://www.linkedin.com/jobs/view/3808260577/?eBP=CwEAAAGPrK0zbj-ctdJKtIlkxAGb_XQCAsSbSo5qCsR24lURHmGKZtLOhGKoFmfp6CKGmnD4adE3PYWSUIBU2jd5gIF8mD59cvQ1eK5xjwzyi834by4HeK1rbbQ54o3nAlM_tpqAH4HEvw_VECW7JSia6lM7yPkk1KXk2ELiXRpiwXNtDHERr5iAq5c_1zlGWWzDEjyxG3a5MVh8B0-kheKxeJRsybMuLAQTRRIHBPaI6obwoNTlDLlP7bG3a4cJ-ZkRSZJWuCI9IxqHaCFjBZjfVM1UGmzluNXGUl25n_ngISqnpzTzX6rGVgHVSZ6zd3VZrCBjl58q5RdyRl9yjOMOo0RwkJ8wVQgpvsOKbmsHqK78tPeaYsg9XKU&refId=tx253bXI59wylkn1BSoSRA%3D%3D&trackingId=InaO4gttJSfbmKvYXLqH%2Fw%3D%3D&trk=flagship3_search_srp_jobs,"Set alert for similar jobs
          


                Interface Specialist, Gurgaon, Haryana, India
              



 




    Set alert",,,"Communication, Mockups, Prototyping, Responsiveness, Style Guides, Usability, User Experience (UX), User Flows, User Interface Design, Wireframing ,"
https://www.linkedin.com/jobs/view/3907605887/?eBP=CwEAAAGPrK0zbrvvu8QQ3Z0LcOCQDlIDS_-6QQyxFWbgrOaLFXkkQVx9PeCm3S75LuR4BydMMwPNBZ09_yj3uJB2v7JzCMLjDhTNmwfosnodmSqz1XWTooMkEbbm8JgnpddMISPBFQcPj9kbOZSjvH5xA7QtJ5-R8aPAC_YCQYvAKo7F6SlvdIwCzxCnkMCYanIu1BYA2DcYpEzOg-zZSmCPVh-NCMufnCYu0g-jGzUnXhVJRKXsvociZzOiHksLDkjbA8i9jrpdMp6xmfAO4kZ1k8LmS_r_ESQ77izIqOPa7qHsWh3_zumFsl_4EydqSdk6bnHAyzQv-Y-UnabsUErC18PfGVe9LL640ncya9LO3gaWsbeWEEF2gQTB63V-MQkujLvf17A3NhGF9r1uaF1TlS8RBQapNp_xwl5VNG96ayxFK6KmZehaymKv8L3AAw&refId=tx253bXI59wylkn1BSoSRA%3D%3D&trackingId=pZFZPy7s%2BEjf1Rymo60tPw%3D%3D&trk=flagship3_search_srp_jobs,"Set alert for similar jobs
          


                Interface Specialist, Noida, Uttar Pradesh, India
              



 




    Set alert",,,"Customer Research, Design Guidelines, Design Thinking, Usability, Usability Testing, User Experience (UX), User Experience Design (UED), User Interface Design, User Research, User-centered Design ,"
https://www.linkedin.com/jobs/view/3934396058/?eBP=CwEAAAGPrK0zbgXL_mPtEe1jPE_58AnmztTTGieONQJ0N4xhpVlb4FN8wkIywYb4zZMGlyLa0g6-thmKwxvHmTaUUSlCUUERgrbrief36wV4X0oLsEcXk1hzkBwZTFNdThQojuFqjjjWOmy14ZF1IyqpCHfp9RSbPeDQwuD1n_fmvnpdvcu-ZpG-hm0nPFCxOP_e-H_xvB--gI2B_9_lyJvxUbIFBwF9s9YeSnB4BFKE5VCPoo68X5uAk7Wj2FNtXN5VDRdvLFDCFxEeTMXbLyPbTWL3f3BCgxCtKqZ7wi4yr_8dnvkpVnOU3FUhh83dB6Kvdj1uL_Hs-IzGUesc-IiX-4F0fY2i5dPMT6pu-EYIrGG9xDew735VhKA&refId=tx253bXI59wylkn1BSoSRA%3D%3D&trackingId=3C4qfFBGtIZhnjplJ4Gj0w%3D%3D&trk=flagship3_search_srp_jobs,"Set alert for similar jobs
          


                Product Designer, India
              



 




    Set alert",,,"Adobe Creative Suite, Adobe XD, Cascading Style Sheets (CSS), Google Web Designer, HTML, Product Design, User Interface Design, Web Design, Web Development ,"
https://www.linkedin.com/jobs/view/3924595854/?eBP=CwEAAAGPrK0zbudUCMwQf8joM1XtwNIgbiUyu1BakxdJYlYSc_24rgNtaoBe8a9FjPqK6k1AZtElVrhwwMjlFWNjbIPdyS-x1BagZQuE-AQTqlnyPw1TtGix1Z30sRvlDlIrI1FxlVCECDu7nidhaBrPiR_syr0qydW2yJq_sADCPJUpZ-zp_agYLRob0yvVOcBGkvT7dsOw8wnhbAoCxxowo9wWm4PSw3Oh5s1x3NI-k-86yoc78bZKNjSdzJEZ2ljnSiDdN78KkR81xEFeEi19RGZMyz6n6wW7l1awCocHfQfDUKlEL6MSq69QIcuA_yuZeoH_-9_UzKCMFOJRw9jVNSWZdgli--iofimUDhoebMW9ML78f_jbXlQ&refId=tx253bXI59wylkn1BSoSRA%3D%3D&trackingId=E4L7yVElrgtzhdYGNLaqaQ%3D%3D&trk=flagship3_search_srp_jobs,"Set alert for similar jobs
          


                Interface Specialist, Delhi, Delhi, India
              



 




    Set alert",,,"User Experience (UX), User Experience Design (UED), User Interface Design, Wireframing ,"
https://www.linkedin.com/jobs/view/3929190529/?eBP=CwEAAAGPrK0zbnGReBcJvql6IuL3eshxj5_nHDfQIt4TZJjglhmg0Se97_6F6THgq43IprgDLdyc3k05-p9_kXE416Udgb3cY3W_DwGCAC-oBG0dGt4KFg3bmNU6K299zl05JFs9GYtevM2XXgpUuQX43K1Lncpwu6HvyTbR26Xgllr0QHnqMjNSO-N7njOV8gd2KXyPhxQC9gKiQtEQYBwAd1No1uBhazVVD1cdVkHvbCP8dJVbrq9Wfr43n1lakVSo7CHNRR4u85pZ9gTo-RCN9HDZvU6ADPbxSppOS6TZV_X4SkviW_CFKEdPxopRbjFFRHi7C_bI5g1uqzb74sUL7KjBmDn6sbKP70DxTXy5cB8FWPReOJNtnPATx6BqOnTgDnhHoTvcfZowVQCAOc_18kmvWEXNXrkawg3VtbQZMJcZ00ulV-gMSSEiH53LJfsYtRSloN8CZzlHVtM1lujn6dq-giL8Ecg&refId=tx253bXI59wylkn1BSoSRA%3D%3D&trackingId=fGQVCxpuWLu9G3pWO4S1mg%3D%3D&trk=flagship3_search_srp_jobs,"Set alert for similar jobs
          


                Associate, Noida, Uttar Pradesh, India
              



 




    Set alert",,,
